director_id,director_name
2710,James Cameron
1704,Gore Verbinski
39,Sam Mendes
525,Christopher Nolan
7,Andrew Stanton
7623,Sam Raimi
76595,Byron Howard
121830,Nathan Greno
12891,Joss Whedon
11343,David Yates
15217,Zack Snyder
9032,Bryan Singer
12995,Marc Forster
5524,Andrew Adamson
17633,Rob Marshall
5174,Barry Sonnenfeld
108,Peter Jackson
87742,Marc Webb
578,Ridley Scott
3288,Chris Weitz
19271,Anthony Russo
19272,Joe Russo
36602,Peter Berg
930707,Colin Trevorrow
1108,Shane Black
510,Tim Burton
11091,Brett Ratner
225976,Dan Scanlon
865,Michael Bay
86270,Joseph Kosinski
7879,John Lasseter
32532,Brad Lewis
10702,Martin Campbell
8,Lee Unkrich
36425,McG
2127,James Wan
15344,J.J. Abrams
6201,Baz Luhrmann
10723,Mike Newell
10828,Guillermo del Toro
488,Steven Spielberg
21198,Peter Sohn
59803,Brenda Chapman
126638,Mark Andrews
137262,Steve Purcell
58189,Justin Lin
6046,Roland Emmerich
24,Robert Zemeckis
9339,Lilly Wachowski
9340,Lana Wachowski
12890,Pete Docter
12080,Conrad Vernon
65630,Rob Letterman
15277,Jon Favreau
1032,Martin Scorsese
18878,Rob Cohen
19769,David Ayer
4499,Tom Shadyac
11694,Doug Liman
8300,Kevin Reynolds
7775,Stephen Sommers
228134,Rupert Sanders
1032536,Robert Stromberg
32278,Matt Reeves
8965,Roland Joffé
239571,Carl Rinsch
64151,Mike Mitchell
7087,Brad Bird
70238,Chris Williams
227439,Don Hall
165787,Rich Moore
66193,Chris Sanders
69797,Dean DeBlois
7213,Jonathan Mostow
15218,James Gunn
77921,Hideaki Anno
80752,Shinji Higuchi
7467,David Fincher
957,Matthew Vaughn
10943,Francis Lawrence
12962,Jon Turteltaub
5231,Wolfgang Petersen
26205,James Bobin
12098,Chris Miller
12099,Raman Hui
81850,Duncan Jones
47005,Alan Taylor
10781,Michael Apted
1152,Oliver Stone
7930,Jan Pinkava
18863,Eric Darnell
18864,Tom McGrath
17825,Shawn Levy
13079,Gavin Hood
15774,Chris Buck
1120694,Jennifer Lee
20629,George Miller
6159,Ron Howard
11181,Kenneth Branagh
84851,Hoyt Yeatman
66739,Jonathan Liebesman
9033,Christopher McQuarrie
4945,Joe Johnston
44113,Steve Hickner
44114,Simon J. Smith
142312,Jennifer Yuh Nelson
11614,M. Night Shyamalan
21879,Simon Wells
33183,David Bowers
58897,Sam Fell
36588,Joe Wright
18898,Rob Minkoff
7256,Lee Tamahori
116805,Paul Feig
1262481,Alessandro Carloni
151007,Peter Ramsey
15002,Dean Parisot
9181,Edward Zwick
21085,Alex Proyas
7187,Richard Donner
1614,Ang Lee
54507,Jon M. Chu
52609,Breck Eisner
21692,Hironobu Sakaguchi
21693,Motonori Sakakibara
2690,Peter Weir
15557,Bill Condon
18865,Louis Leterrier
223,Alejandro González Iñárritu
94075,David Soren
25598,Paul Greengrass
57741,Mark Osborne
57742,John Stevenson
59026,Peyton Reed
52870,Tim Johnson
13015,Phillip Noyce
6431,Darren Aronofsky
11218,Alfonso Cuarón
65855,Ralph Zondag
65856,Eric Leighton
10965,Chris Columbus
57270,Robert Schwentke
5714,Carlos Saldanha
956,Guy Ritchie
10491,Paul Verhoeven
1090,John McTiernan
19242,Tony Gilroy
5572,Joel Schumacher
11401,John Woo
20400,Tim Story
16837,Mark Steven Johnson
82194,Neill Blomkamp
28239,David Twohy
52576,José Padilha
3388,James L. Brooks
366,James Mangold
1,George Lucas
71267,Kirk De Micco
20674,Thomas Langmann
24886,Frédéric Forestier
1454884,Cedric Nicolas-Troyan
21370,Roger Donaldson
1101410,Dave Green
934803,Josh Trank
132876,Brad Peyton
1724,Roger Spottiswoode
1884,Steven Soderbergh
201,Michel Gondry
78914,Noam Murro
1215,Raja Gosnell
70287,Will Finn
80671,John Sanford
2209,Jan de Bont
3950,Len Wiseman
57370,Frank Coraci
638,Michael Mann
5133,Bo Welch
15810,Ron Clements
15811,John Musker
36804,Peter Chelsom
58498,Dominic Sena
893,Tony Scott
3289,Paul Weitz
55710,Adam McKay
26713,Chuck Russell
138,Quentin Tarantino
62047,Gary Trousdale
62048,Kirk Wise
61411,Mark Dindal
12786,Simon West
25453,Stefen Fangmeier
5953,Spike Jonze
5713,Chris Wedge
8193,Florian Henckel von Donnersmarck
37710,Peter Hyams
1071,Tom Tykwer
4586,Pitof
11887,Brad Silberling
143059,Patrick Hughes
21673,Ericson Core
64191,Lawrence Guterman
33485,Ron Underwood
71729,Steve Martino
1255,David Mamet
607,Zhang Yimou
12905,Ash Brannon
7908,Frank Oz
6737,Jay Roach
59,Luc Besson
38023,Michael Patrick King
27005,Don Michael Paul
65629,Bibo Bergeron
229962,Mike Thurmeier
130938,Sergei Bodrov
559,Wally Pfister
77357,Rupert Wyatt
54050,Mark Waters
12028,John Moore
54040,John Lee Hancock
16938,Renny Harlin
107446,Phil Lord
155267,Christopher Miller
7399,Ben Stiller
66190,Tony Bancroft
66191,Barry Cook
23430,Timur Bekmambetov
68573,Walt Becker
17494,Dennis Dugan
2226,Sydney Pollack
109857,Thor Freudenthal
1150,Brian De Palma
8843,Mick Jackson
6349,Alan J. Pakula
14392,Kathryn Bigelow
8328,John Milius
58728,Andrei Konchalovsky
23964,Gary Ross
4014,Paul W.S. Anderson
185438,Genndy Tartakovsky
15775,Kevin Lima
125738,Daniel Espinosa
17698,Nancy Meyers
7881,Jill Culton
15812,Roger Allers
52691,Anthony Stacchi
17329,Neil Burger
2352,Jean-Jacques Annaud
208113,Sarah Smith
769,Martin Brest
12989,Andrew Davis
66777,Bob Fosse
56512,Tarsem Singh
11090,Edgar Wright
15148,Jon Amiel
13426,Peter Segal
43141,Pete Travis
14999,George A. Romero
16483,Sylvester Stallone
57130,Todd Phillips
52845,Karey Kirkpatrick
17046,Gary Winick
51984,Mimi Leder
71600,Seth Gordon
20739,Adam Shankman
40256,D.J. Caruso
2239,Anthony Minghella
11447,Albert Hughes
11448,Allen Hughes
56911,Les Mayfield
23677,Joe Pytka
55499,Scott Derrickson
8858,Ivan Reitman
9622,Eric Brevig
12079,Kelly Asbury
56660,Lorna Cook
2042,Stephen Hopkins
16294,Jonathan Demme
117075,Henry Jaglom
5690,James Algar
12824,Don Hahn
56146,Gaëtan Brizzi
56147,Paul Brizzi
65531,Eric Goldberg
74297,Hendel Butoy
74298,Francis Glebas
74299,Pixote Hunt
9198,Vincent Ward
32593,Steven Brill
280,Terry Gilliam
17627,Lucile Hadzihalilovic
561061,Neil Nightingale
5058,Roger Christian
4600,Joe Dante
1269,Kevin Costner
56154,Antony Hoffman
20030,Jacques Perrin
138857,Jacques Cluzaud
1172908,Andrés Couturier
12095,Cody Cameron
1046494,Kris Pearn
6482,John Singleton
7832,Oliver Hirschbiegel
11266,James McTeigue
588701,Des McAnuff
124748,Chris Renaud
10808,Stephen Norrington
124747,Pierre Coffin
4759,David Kellogg
5342,Mike Nichols
12058,Vicky Jenson
37932,F. Gary Gray
20907,Antoine Fuqua
36797,Robert Luketic
57193,Gil Kenan
8246,Barry Levinson
3415,Jerry Zucker
17167,Andy Tennant
1011158,Florent-Emilio Siri
12881,Gary Goldman
40345,Don Bluth
4037,Ron Shelton
94220,Àlex Pastor
94222,David Pastor
57646,Henry Selick
8023,Kyle Balda
52701,Fergal Reilly
1281387,Clay Kaytis
41039,Judd Apatow
52112,Steve Carr
2461,Mel Gibson
197,David Silverman
4027,Frank Darabont
31024,Betty Thomas
7911,Joe Ranft
1201,Garry Marshall
217174,Paul Tibbitt
47640,Clark Johnson
11649,Cameron Crowe
2460,Randall Wallace
2388,Jonathan Frakes
1461,George Clooney
1167470,Gary Shore
10765,Andrzej Bartkowiak
80923,Måns Mårlind
80924,Björn Stein
17812,Gregory Hoblit
141688,Gary McKendry
65615,Wych Kaosayananda
30149,Mikael Salomon
7395,Bobby Farrelly
7396,Peter Farrelly
15780,Dan St. Pierre
41378,Kerry Conran
30365,Michael Caton-Jones
29605,Mikael Håfström
23968,Phil Alden Robinson
27571,David Slade
52629,Joseph Ruben
52139,Seth MacFarlane
19840,Alejandro Amenábar
59646,Kinka Usher
50767,Craig Gillespie
12523,Rob Bowman
58656,Doug Lefler
293911,Scott Waugh
8844,Lawrence Kasdan
15045,Michael Lembeck
70500,Tom Hooper
9248,Nora Ephron
11701,Angelina Jolie
190,Clint Eastwood
6767,Larry Charles
240,Stanley Kubrick
82511,Will Gluck
56411,Glenn Ficarra
56412,John Requa
3893,David S. Goyer
18596,Taylor Hackford
7145,Michael Lehmann
1707,Stuart Beattie
3556,Roman Polanski
2294,Robert Rodriguez
2293,Frank Miller
67813,Baltasar Kormákur
57832,Daniel Lee
35689,Keenen Ivory Wayans
3026,Rob Reiner
71527,Marco Schnabel
71418,Demian Lichtenstein
60922,Josh Gordon
60923,Will Speck
49903,Tim Hill
5065,David Frankel
18323,Marc Lawrence
12708,Peter Billingsley
1179066,Wes Ball
52779,Ryan Murphy
4135,Robert Redford
46297,Jay Russell
65310,Kenny Ortega
48980,David McNally
53177,Brian Robbins
13581,Brian Levant
2260,Steven Zaillian
154705,Chris Butler
18250,Jon Avnet
64152,Robert Stevenhagen
66654,Kevin Donovan
32277,Geoff Murphy
17883,David O. Russell
132239,Babak Najafi
2419,Jean-Pierre Jeunet
1152981,Graham Annable
2171,Griffin Dunne
58072,John Pasquin
91268,Ruben Fleischer
1524,Harold Ramis
17350,Kevin Macdonald
18281,Donald Petrie
117052,Jorge Blanco
968303,Javier Abad
1158156,Marcos Martínez
2523,Stuart Baird
1223,Joel Coen
4746,Robert Lorenz
23213,Harold Becker
116357,Scott Stewart
1205756,Patrick Gilmore
57138,Tony Bill
21526,Rod Lurie
1723,Walter Hill
62020,Jack Sholder
5575,Akiva Goldsman
21981,Harald Zwart
8574,Walter Salles
1978,Iain Softley
508,David Koepp
23799,Uwe Boll
93991,Soi Cheang
21053,John Dahl
55252,Tim Miller
18356,Stephen Herek
16589,Peter MacDonald
1216147,Anthony Hemingway
74619,Sean Anders
20192,Brian Taylor
20193,Mark Neveldine
18844,John Madden
34453,Kevin Bray
65530,Mike Gabriel
54967,Sam Weisman
54584,Jesse Dylan
39819,Wayne Wang
20646,Gabriele Muccino
58729,Albert Magnoli
46076,Tom Dey
8029,Jimmy Hayward
9168,Alan Parker
13776,John Frankenheimer
101666,Paul King
62854,Akiva Schaffer
15175,William Friedkin
65702,Kent Alterman
53304,Peter Lord
565297,Jeff Newitt
37630,Shekhar Kapur
54025,Karyn Kusama
66088,Ronald F. Maxwell
101767,Robert Butler
42745,Steve Antin
33254,Jim Gillespie
1776,Francis Ford Coppola
10586,Richard Lester
65167,Scott Cooper
16847,Eli Roth
16848,Rob Zombie
141673,Jason Eisener
323,Curtis Hanson
71068,Phyllida Lloyd
52049,Jay Chandrasekhar
30715,Terrence Malick
42994,David Dobkin
3974,Miloš Forman
35453,Pierre Morel
70573,Paul Hunter
4489,Steve Oedekerk
61175,John Whitesell
1921,George Nolfi
17016,Neil Jordan
57633,Rawson Marshall Thurber
5281,Spike Lee
4723,Brian Helgeland
664,Frank Marshall
26875,Hideo Nakata
18357,Peter Hewitt
18311,Joe Roth
5345,Bennett Miller
59521,Jaume Collet-Serra
58375,Andy Fickman
61290,Matthew O'Callaghan
7312,Angela Robinson
5501,Gary Fleder
76927,Tommy Wirkola
7270,Adrian Lyne
2945,Stephen Gaghan
1265056,Jorge R. Gutierrez
33315,Richard Loncraine
8296,Christophe Gans
26502,Howard Deutch
68843,Jon Hurwitz
68844,Hayden Schlossberg
93214,Steven Quale
4610,John Landis
17649,Alexander Witt
20237,Beeban Kidron
21712,Carl Franklin
23880,Steven Seagal
2034,Danny Boyle
41550,Andrew Bergman
23393,Barbet Schroeder
16785,Peter Webber
8685,Andrew Niccol
11770,John Carpenter
5655,Wes Anderson
224,David Cronenberg
57082,John Stockwell
64141,David Gordon Green
53334,Jim Sheridan
27436,Costa-Gavras
56059,Patrick Read Johnson
2163,Richard LaGravenese
518,Danny DeVito
58294,George Armitage
27226,Patrick Lussier
57134,James Wong
7018,Richard Curtis
41270,Chuck Bowman
75035,Olivier Megaton
4760,Deepa Mehta
6449,Warren Beatty
14911,Penny Marshall
16544,Ted Kotcheff
8452,Andrei Tarkovsky
31093,Yvette Kaplan
133293,Paul Bolger
142587,Greg Tiernan
3224,Stephen Frears
3045,P.J. Hogan
144221,Brad Furman
9855,Terence Young
12987,David Zucker
137427,Denis Villeneuve
52038,Thomas Carter
7017,Roger Michell
26648,Luis Llosa
16745,Melville Shavelson
52842,Garth Jennings
54644,Joel Zwick
52968,Russell Mulcahy
4755,David R. Ellis
7791,Peter Howitt
60237,John A. Davis
5602,David Lynch
16391,Julie Taymor
2406,Mathieu Kassovitz
35155,John Gray
79656,John Schultz
2228,Sean Penn
60129,Susan Stroman
18254,Simon Wincer
879,Billy Bob Thornton
21905,Danny Pang
31033,Oxide Pang Chun
16566,George P. Cosmatos
56710,Oliver Parker
43518,Lawrence Kasanoff
880,Ben Affleck
18069,Brian Gibson
11426,Ben Sharpsteen
11429,Hamilton Luske
12114,Michael Cimino
2291,Paul McGuigan
5216,Gus Van Sant
11873,Roger Kumble
58552,Burr Steers
7314,Nick Park
17871,John Hamburg
68215,Reginald Hudlin
10601,Joseph L. Mankiewicz
10400,Barbra Streisand
11676,Mark Pellington
10179,John Glen
19850,Catherine Hardwicke
27846,John Herzfeld
58164,Annabel Jankel
58165,Rocky Morton
114597,Julie Anne Robinson
19274,Seth Rogen
54734,Evan Goldberg
141169,Sngmoo Lee
2408,Jamel Debbouze
64901,Gordon Chan
72344,Asger Leth
16513,John G. Avildsen
29214,Anne Fletcher
5696,Bruce Beresford
1137903,Sam Taylor-Johnson
29009,Ken Kwapis
5140,Wes Craven
52803,Etan Cohen
11151,Nick Cassavetes
52934,Nicholas Stoller
87130,Mark A.Z. Dippé
1098477,Callan Brunker
41671,Nimród Antal
21031,Alejandro Agresti
3290,Peter Hedges
66548,Paul Weiland
6037,Colin Strause
6038,Greg Strause
6720,Joan Chen
54733,Greg Mottola
51851,Jake Kasdan
3092,Diane Keaton
64030,Kelly Makin
468,Stephen Daldry
25735,Christian Duguay
42175,Richard Stanley
71570,Justin Chadwick
19969,Pat O'Connor
50582,Frederik Du Chau
11472,Irwin Winkler
66823,Joseph Kahn
1769,Sofia Coppola
56435,Stephen T. Kay
51894,Juan Antonio Bayona
58251,Elaine May
66960,Dennie Gordon
56106,Charles Shyer
140354,Ulu Grosbard
57898,William Malone
72024,Malcolm D. Lee
52094,Jerry Jameson
18889,Mic Rodgers
54559,Christian Alvart
64909,Jean-Marie Poiré
86295,Marc F. Adler
86296,Jason Maurer
61357,Geoffrey Sax
44740,Richard Shepard
56739,Peter Chan
76812,Raymond Yip Wai-Man
71871,Sergei Bodrov Jr.
84736,Ivan Passer
21684,Bong Joon-ho
2689,Jeff Nathanson
147021,S.S. Rajamouli
17764,Charles S. Dutton
21217,Jonathan Lynn
2380,David Carson
12453,Wong Kar-wai
1496406,Yuefeng Song
13563,Norman Jewison
58178,David Mirkin
46085,Luis Mandoki
20019,Lee Daniels
7671,Jeb Stuart
58712,Steve Miner
4762,Paul Thomas Anderson
33317,David Leland
111588,J Blakeson
1056121,Ryan Coogler
64045,Kirk Jones
1224,Ethan Coen
66218,Jennifer Flackett
66219,Mark Levin
19303,Kevin Smith
63820,Christian Ditter
1270,Charles Martin Smith
80999,Fyodor Bondarchuk
10930,Irvin Kershner
3227,Steve Pink
33433,Scott Hicks
2632,Chris Rock
63571,Wilson Yip
1744,Robert Wise
70777,Kevin Rodney Sullivan
19499,Kevin Munroe
53178,Mike Tollin
3964,Patrick Tatopoulos
70738,Gary David Goldberg
10051,Tobe Hooper
113225,Alan Poul
65734,Luke Greenfield
40243,Gil Junger
12964,Michael Ritchie
1726,Steven E. de Souza
59291,Alexandre Aja
28741,Michael Rymer
28904,Hugh Wilson
17281,Mike Hodges
90812,Scott Mann
113600,Susanna White
12524,Chris Carter
62514,Tommy O'Haver
1192754,Peter Landesman
80691,Gary Chapman
35796,Craig Mazin
64163,Kimble Rendall
12804,Peter Yates
5306,Lasse Hallström
69371,Jean-Marc Vallée
26760,Tsui Hark
56359,Lexi Alexander
17268,Ronny Yu
19684,Bille August
66203,Moustapha Akkad
25950,Jean-Paul Rappeneau
20307,Joachim Rønning
20308,Espen Sandberg
814,Tony Kaye
1375201,Ken Scott
22100,Hugh Johnson
608,Hayao Miyazaki
66121,"George Tillman, Jr."
29524,Rand Ravich
58220,Hugh Hudson
76100,Ben Stassen
1324172,Jeremy Degruson
10855,Chris Gorak
932088,Scott Speer
66604,Joe Charbanic
876,Jonathan Hensleigh
33279,Danny Cannon
52358,Boaz Yakin
19800,Richard Marquand
57581,Neil Marshall
22214,David Wain
53925,Jared Hess
11809,Rupert Wainwright
97026,John Luessenhop
52599,Justin Zackham
53176,John Gatins
114404,Miguel Sapochnik
64331,Shim Hyung-Rae
93419,Don Scardino
504,Tim Robbins
43673,Tom Reeve
96439,Nanette Burstein
81476,Ariel Vromen
10076,Lewis Gilbert
52935,John Francis Daley
1236679,Jonathan M. Goldstein
7409,J.B. Rogers
566328,Michael Sucsy
56717,Tom Vaughan
70651,Stephen Hillenburg
80540,Stig Bergqvist
52443,Jason Reitman
13235,Alexander Payne
56661,Jonathan Levine
67367,Rian Johnson
58137,Chris Noonan
14172,Michael McCullers
2178,Forest Whitaker
1243,Woody Allen
1262197,Peter Lepeniotis
34849,Ted Demme
1748,William Shatner
7313,Steve Box
34891,Mike Johnson
60496,James Gartner
109745,Lee Toland Krieger
77919,Tim McCanlies
47506,Drew Goddard
35694,Jason Friedberg
35734,Aaron Seltzer
12988,Paul Michael Glaser
26714,John R. Leonetti
31,Tom Hanks
2836,Kimberly Peirce
60024,Liz Friedlander
18500,Phil Joanou
71923,Shane Acker
63713,Martha Coolidge
227438,Stephen Anderson
58868,Troy Miller
55789,Tate Taylor
57090,Brett Leonard
59126,Alister Grierson
42274,Nick Hurran
80215,Charles Stone III
455,Paul Haggis
13927,Kurt Wimmer
58324,Jean-François Richet
40230,Kevin Hooks
56150,Ellory Elkayem
15287,Niki Caro
5877,Vincenzo Natali
686,Willard Huyck
77003,Gavin O'Connor
44179,Bruce Hunt
20305,Christopher Roberts
543568,Kim Jee-woon
6361,Nick Hamm
80307,Andy Cadiff
108952,Mike Disa
137475,Richard J. Lewis
4385,Sergio Leone
19346,Niels Arden Oplev
28898,Michael Radford
72258,Steve Boyum
20640,Chen Kaige
35452,Corey Yuen Kwai
37618,Andrew Dominik
18897,Jackie Chan
143217,张立 | Zhang Li
64575,Laurent Tirard
57035,Reinhard Klooss
66942,Holger Tappe
21126,Frédéric Auburtin
16919,Olivier Dahan
1565981,Maksim Fadeev
67750,Liliana Cavani
9281,Elizabeth Banks
819,Edward Norton
170820,Ben Falcone
4786,Richard Attenborough
65677,Don Mancini
40307,John Maybury
86439,Norton Virgien
110873,Igor Kovalyov
70100,Shinji Aramaki
61069,Miguel Arteta
20561,James Gray
492,Janusz Kamiński
74159,Robert B. Weide
55075,Jeff Wadlow
127823,Agustín Díaz Yanes
928490,Camille Delamarre
12238,David Lean
36693,Richard Eyre
1788,Nicholas Meyer
17397,Callie Khouri
64140,Sanaa Hamri
18342,Todd Graff
648,Philip Kaufman
73460,Saul Dibb
154,Walter Murch
564,Richard Linklater
17279,E. Elias Merhige
736,Menno Meyjes
1038,Jodie Foster
2199,Scott Frank
36083,Kevin Allen
21136,Michael Cristofer
53599,Andrew Morahan
19450,Bob Rafelson
56956,Michael Cohn
1410294,Stephen Greene
129941,Alan Shapiro
8557,Fernando Meirelles
52405,Michael Hoffman
238220,Oleg Stepchenko
172,Michael Winterbottom
59649,Michael Pressman
9158,Sharon Maguire
76247,Charles Herman-Wurmfeld
36697,Gábor Csupó
80602,Tyler Perry
40223,Joe Carnahan
15337,John Polson
4956,Bernardo Bertolucci
78488,Cathy Malkasian
78485,Jeff McGrath
86437,John Eng
21931,Chris Nahon
66563,Fred Wolf
62116,Bille Woodruff
56349,Victor Salva
1098,Mark Helfrich
16356,Steve Bendelack
56998,Dwight H. Little
19866,Guillaume Canet
41285,Kirsten Sheridan
2087,Richard Fleischer
31074,Kinji Fukasaku
68412,Toshio Masuda
47974,Bob Spiers
59229,Damien Dante Wayans
47333,John Wells
125544,Tim Fywell
24248,Nigel Cole
974,Dexter Fletcher
25210,Jeremy Leven
31119,Sylvain White
135601,Troy Nixey
65190,Philip G. Atwell
57405,Jeff Schaffer
14838,James Bridges
18308,Steve Barron
2053,Bill Paxton
1577,Richard Kelly
68352,Carter Smith
19304,John Schlesinger
26767,Ringo Lam
73499,Bruce McCulloch
437833,Patricia Riggen
8392,Pascal Chaumeil
42171,Jonathan Kaplan
22676,Ole Bornedal
24318,Richard Benjamin
63709,Craig R. Baxley
53333,John Hillcoat
6778,John Guillermin
74062,Marcos Siega
56891,Rachel Talalay
109695,Jeffrey W. Byrd
56205,Atom Egoyan
11057,Robert Towne
65314,Giuseppe Tornatore
6818,Werner Herzog
93592,Jérôme Deschamps
151175,Pascal Hérold
1051654,Macha Makeïeff
115999,Inna Evlannikova
116000,Svyatoslav Ushakov
83730,Jonathan English
38131,Sergey Bondarchuk
70703,Teddy Chan
16214,Mario Van Peebles
1749,Leonard Nimoy
18378,Herbert Ross
5149,Bonnie Hunt
58689,Neil LaBute
31511,Grant Heslov
21792,George Gallo
39996,Sidney Lumet
32983,Douglas McGrath
1979,Kevin Spacey
116100,Richard Williams
130482,Mary McGuckian
3417,Tony Goldwyn
558177,Jonathan Newman
84165,Michael Dinner
15663,Joseph Sargent
59635,Jerry Zaks
29783,Fred Durst
48583,Anne Fontaine
25873,Jon Cassar
6495,Mira Nair
14639,Mel Brooks
934,Russell Crowe
16853,Jessie Nelson
235820,Christopher Spencer
69498,Mike Bigelow
12632,Daniel Sackheim
13614,Deborah Kaplan
13615,Harry Elfont
15868,Uli Edel
44056,Fred Dekker
84981,Brian Trenchard-Smith
1318092,Paul J. Lombardi
1927,Blake Edwards
52894,Laurence Dunmore
70221,Christian Carion
51298,Dax Shepard
140372,David Palmer
17608,Rowan Joffe
96166,John Curran
84714,Juan José Campanella
34517,Trey Parker
76418,Stuart Gillard
102634,Katt Shea
64139,Joshua Michael Stern
74396,Tomas Alfredson
72624,John Duigan
4967,Colin Higgins
58514,Jim Sonzero
58448,Penelope Spheeris
56578,Jeff Tremaine
16187,Jeannot Szwarc
72757,Steve McQueen
1096867,Thea Sharrock
52114,Jon Lucas
226089,Scott Moore
1027737,Robin Budd
1027738,Donovan Cook
929825,Ava DuVernay
142007,Steve Trenbirth
61087,Mennan Yapo
93301,Jun Falkenstein
17867,Tom McCarthy
20310,Takashi Shimizu
47893,Gary Nelson
45052,Anton Corbijn
16395,Gregory Nava
26095,John Patrick Shanley
86051,Joshua Logan
57521,Steve Beck
222470,Todd Strauss-Schulson
9200,John McNaughton
45627,Nelson McCormick
51445,Eric Valette
41549,Andrew Fleming
56501,Michael Spierig
56502,Peter Spierig
111686,Jim Field Smith
56789,Thomas Bezucha
62768,William Brent Bell
61970,Ben Gluck
131242,Anthony Bell
53014,Jessica Bendinger
142272,Henry Joost
142276,Ariel Schulman
228,Ed Harris
2636,Alfred Hitchcock
129718,Shana Feste
54590,Steve Rash
24173,Mike Binder
69593,Michael J. Bassett
73161,Frank Nissen
57607,Stephen Chow
64149,Peter Hastings
1216735,Paul Abascal
58059,Chris Koch
57434,Amy Heckerling
17087,Michael Moore
18738,George Stevens
21807,Billy Ray
57199,Mark Mylod
936154,Stephen St. Leger
1311595,James Mather
87178,Michael O. Sajbel
36147,Charles T. Kanganis
66039,Damon Santostefano
12698,Bob Clark
53332,Frank Passingham
80537,Dave Borthwick
80538,Jean Duval
1046142,Benson Lee
58403,Glen Morgan
65452,Mike Leigh
72960,Alejandro Monteverde
66728,Jonathan Glazer
556172,J.C. Chandor
84021,Paul Gross
15219,Marc Abraham
16863,Todd Haynes
74924,Mabrouk El Mechri
202,Charlie Kaufman
47503,Nancy Walker
44848,Angelo Pizzo
116370,Matthew Diamond
185,Katsuhiro Ōtomo
44847,David Anspaugh
23287,Andrew Jarecki
69696,Daniel Algrant
77964,Mike Barker
1098107,Wayne Thornley
1339129,Gnana Rajasekaran
1275019,Tom Walsh
57454,Jonathan Jakubowicz
1179590,Scott Walker
68770,Mark Rosman
1585252,Rob Hawk
113733,Britt Allcroft
70110,Alan Yuen
126945,Brian Percival
26481,Anand Tucker
40199,Anthony Mann
71280,Michael Dowse
84061,Daniel Barnz
716,Emile Ardolino
9789,Robert Altman
1617,James Schamus
62721,Andrew Douglas
17835,Ricky Gervais
1551346,Matthew Robinson
15358,Vic Armstrong
17447,Terry Zwigoff
36805,Audrey Wells
65548,Rick Friedberg
129952,Sean McNamara
54710,Jody Hill
62541,Brandon Camp
101518,Kevin Tancharoen
55476,Nicholas Hytner
86203,Bart Freundlich
86194,James Sbardellati
86195,Peter Merwin
12846,William A. Fraker
19665,John Boorman
61921,Courtney Solomon
67897,Jeff Kanew
225898,István Szabó
12677,Matthew Robbins
67767,Hal Needham
71872,Jeff Nichols
97942,Jonathan Teplitzky
6011,Michael Haneke
12714,Zack Ward
56173,Mike Marvin
57030,Gregor Jordan
21678,Olivier Assayas
107730,Tran Anh Hung
57154,Lance Hool
57557,Christian Volckman
95320,Rodrigo Cortés
10995,David Hayter
61373,Cory Edwards
61371,Todd Edwards
61372,Tony Leech
2589,Terry George
18184,Xavier Gens
51864,Kasi Lemmons
1024823,Brian A Miller
2876,Matt Dillon
14674,George Cukor
89113,John Robert Hoffman
2150,Kevin Greutert
58316,John Fortenberry
130687,Erik White
75687,Christian Robinson
168667,Jason Moore
57895,Robert Harmon
130822,Trent Cooper
150641,Gary Halvorson
2765,Nicholas Ray
67619,Guy Green
932248,Fede Alvarez
64508,Sidney J. Furie
190339,Ian Iqbal Rashid
19000,Wayne Kramer
63943,Rowdy Herrington
134639,Jim Goddard
29342,Noel Marshall
40541,Andrea Di Stefano
66856,Guillaume Ivernel
66857,Arthur Qwak
30422,Jack Smight
587800,Todd Lincoln 
34611,Howard Zieff
67795,Steven Shainberg
29226,Julian Jarrold
54597,Joe Nussbaum
78118,Vadim Perelman
67717,Michel Hazanavicius
110618,Cyrus Nowrasteh
20824,Perry Andelin Blake
143079,Christian E. Christiansen
16590,Sheldon Lettich
76230,Diane English
75043,Peter Flinth
64815,Robert Iscove
67781,Peter Kosminsky
17278,Nick Gomez
16834,Allen Coulter
51600,Clare Kilner
15361,Josef Rusnak
302339,Lance Rivera
7501,Ronald Neame
173607,Bruce Paltrow
50583,Adam Rifkin
1011,Susanne Bier
19142,Kenneth Johnson
54441,James Ivory
73832,Jessy Terrero
37627,Dany Boon
54176,Nicolas Guy
72133,Vicente Amorim
14597,Gaspar Noé
69987,Jérôme Salle
2176,Tommy Lee Jones
114646,Jesse Vaughan
140151,William Bindley
58667,Wayne Beach
21647,Gérard Krawczyk
145304,Udayan Prasad
87537,Yoon Je-kyoon
77965,Morten Tyldum
1113116,Andy Muschietti
58094,Gillian Armstrong
63306,James Watkins
19228,Jim Fall
76422,Ric Roman Waugh
11012,Michael Dougherty
57604,Joel Gallen
76998,James Marsh
34481,Matt Williams
94108,Dennis Iliadis
33341,Rick Rosenthal
5292,Denzel Washington
21183,Nicolas Winding Refn
58628,Sara Sugarman
17597,Juan Carlos Fresnadillo
71947,Gina Prince-Bythewood
78562,Phil Traill
69237,Joe Berlinger
1223175,Elizabeth Allen Rosenbaum
50460,Michael Mayer
58260,Martin Weisz
9039,John Ottman
56453,John Bonito
136153,Peter Atencio
33316,David Nutter
139098,Derek Cianfrance
27889,Stephan Elliott
67753,Mark L. Lester
36423,Tom Green
78298,Mike Nawrocki
1670361,Catherine Owens
71901,Douglas Aarniokoski
75646,Bryan Barber
1176,Lone Scherfig
69597,Drew Barrymore
16304,Brian Koppelman
16305,David Levien
15890,James Foley
13,Albert Brooks
104507,Steve Gomer
150,RZA
1219210,Mark Piznarski
53267,Craig Brewer
161858,David Raynr
57962,Mort Nathan
29648,Dan Curtis
151232,Wil Shriner
54472,Martin McDonagh
84124,Tina Gordon Chism
57630,Peter Cattaneo
56263,Mary Lambert
18204,Peter Kassovitz
50719,Rodman Flender
62872,Katja von Garnier
57446,Mark Romanek
37948,Brad Anderson
1044,Michael Chapman
3131,Antonio Banderas
1498767,Khalil Sullins
68,Fritz Lang
64992,Hou Hsiao-hsien
68519,Andrey Zvyagintsev
57207,Tony Jaa
57274,Panna Rittikrai
45996,Ryûhei Kitamura
16730,Darrell James Roodt
53935,Dito Montiel
15115,Stefan Ruzowitzky
122582,Jake Paltrow
78001,Juraj Jakubisko
1199049,Anthony Silverston
119953,Gabe Ibáñez
21394,Gerry Lively
59911,Daniele Luchetti
240150,Derek Yee Tung-Sing
22669,Julien Temple
119665,Gregory Jacobs
144519,Gilles Paquet-Brenner
1219769,Peter Cousens
42,Lars von Trier
57594,John Cornell
99710,Vidhu Vinod Chopra
59958,Jamie Blanks
8876,Randal Kleiser
78297,Phil Vischer
51866,Rick Famuyiwa
111247,Alan Cohn
24657,Franco Zeffirelli
64796,Tom Holland
69579,James Isaac
2880,Emilio Estevez
168798,Josh Schwartz
7482,Julian Schnabel
5010,Todd Field
19012,Davis Guggenheim
56913,Stephen Carpenter
66222,James Fargo
11983,Alain Resnais
554948,Chao-Bin Su
30711,Kenneth Lonergan
73833,Bo Zenga
56591,Danny Leiner
56828,Christopher Cain
1141683,Theodore Melfi
7397,Ed Decter
56953,Gene Quintano
20218,Eric Bress
20219,J. Mackye Gruber
76705,Preston A. Whitmore II
58036,Kirk Wong
18320,Bronwen Hughes
65678,John Lafia
134156,Sam Miller
2036,Alex Garland
66116,Mark Brown
41887,Michael Polish
56714,Daisy von Scherler Mayer
83281,Lenny Abrahamson
72450,Bob Saget
10367,John Waters
34692,Craig Bolotin
33541,Mark Christopher
58518,Blair Hayes
21339,Jez Butterworth
90,Isabel Coixet
1357,Christopher Doyle
6220,Gurinder Chadha
16927,Gérard Depardieu
21768,Sylvain Chomet
21769,Bruno Podalydès
21681,Nobuhiro Suwa
21683,Oliver Schmitz
21771,Daniela Thomas
37626,Patrice Leconte
47773,Paul Mazursky
19311,Stephen Chbosky
82033,Jon Hess
155531,Joe Cornish
78866,John H. Lee
944713,John Stainton
227936,Benedek Fliegauf
1035,Paul Schrader
130837,Stewart Hendler
31497,John Cromwell
32427,W.S. Van Dyke
55299,Mark Herman
39104,Abel Ferrara
61847,Ethan Maniquis
37852,George Hickenlooper
64883,Kang Je-gyu
56506,William Dear
126597,Stéphane Aubier
126599,Vincent Patar
1092607,Benjamin Renner
12840,John Badham
90429,Mike McCoy
17403,Mike Judge
57691,Tamra Davis
1299380,Nima Nourizadeh
13265,Franklin J. Schaffner
77147,John Erick Dowdle
56735,David Moreau
56736,Xavier Palud
234818,Christopher Erskin
65298,Brian Henson
1027017,Dan Cutforth
1027018,Jane Lipsitz
1053420,Josh Boone
836732,Jake Schreier
232937,Cheryl Dunye
15521,Ernest R. Dickerson
229097,Lionel C. Martin
486,Wallace Wolodarsky
81856,Nicholas Jarecki
1099862,Dean Israelite
81727,Darnell Martin
7130,Scott Alexander
7131,Larry Karaszewski
27991,Stuart Gordon
13524,Christopher Guest
10757,Jane Campion
64061,Fred Schepisi
42617,Antonia Bird
10395,Jon Poll
56194,Paolo Sorrentino
42518,Peter Care
10099,Park Chan-wook
53708,Ira Sachs
68212,Carroll Ballard
3317,Takeshi Kitano
5192,Marco Kreuzpaintner
47275,Lajos Koltai
72427,Alan Rudolph
92015,Lu Chuan
1438306,Lijun Sun
43652,Takashi Yamazaki
41041,Christopher Smith
1128550,Timothy Hines
29700,David Winters
5026,Akira Kurosawa
83224,Jamie Thraves
103602,Mabel Cheung
6733,Dan Mazer
1284493,R.J. Cutler
12920,David S. Ward
21677,Barnaby Thompson
123694,Rob Pritts
77269,John Crowley
82221,Brendan Malloy
82222,Emmett Malloy
4483,Dustin Hoffman
50942,Gregory Poirier
133502,Simon Curtis
113641,Dewey Nicks
107414,Philip Saville
1462,Tim Blake Nelson
83467,William A. Graham
18854,Martin Ritt
1241,John Turturro
1128,Agnieszka Holland
2679,David Hackl
132257,Giuliano Montaldo
229568,Lisa Azuelos
38774,Ray Lawrence
35736,Karan Johar
90508,Ruairi Robinson
54525,Jaume Balagueró
30368,Jon Kasdan
135534,Léa Pool
67834,Floyd Mutrux
14086,Sajid Khan
112630,Dean Wright
85340,Eric Lartigau
432629,Shintaro Shimosawa
2675,Darren Lynn Bousman
53120,James DeMonaco
9894,Bernhard Wicki
35318,Ken Annakin
57142,Andrew Marton
15378,Carol Reed
141706,Chuck Sheetz
57433,George Ogilvie
65133,Marcus Raboy
2128,Leigh Whannell
77300,Michael Schultz
71548,Peter Sollett
12648,Bob Dolman
47364,Greg Coolidge
592493,David Lowery
145142,Ciaran Foy
225556,Salim Akil
62369,Olatunde Osunsanmi
78997,Leon Ichaso
64195,Joseph Zito
55439,Patricia Rozema
60243,Rob Schmidt
59413,Ben Garant
57492,Morgan Spurlock
57692,Neal Brennan
1409418,Tuck Tucker
120515,Theodore Witcher
33192,Joel Edgerton
307546,Jim Hanon
59412,Michael Patrick Jann
62863,Jorma Taccone
141825,Rusty Cundieff
938681,James Duffy
938682,Patrik Forsberg
1272994,Jonathan van Tulleken
1579630,Will Graham
57173,Jeff Lowell
71551,Lorene Scafaria
51023,Marcus Dunstan
1082114,Timothy Bjorklund
78012,François Girard
65390,Scott Kalvert
23532,Jason Bateman
14409,David Schwimmer
83198,Allan Arkush
60045,Eric Bross
15892,Dan Fogelman
45405,Jay Duplass
45407,Mark Duplass
78160,Luca Guadagnino
21475,John Putch
21377,Peter Medak
93911,Terence Davies
23858,Harley Cokeliss
66512,Tom Brady
1300274,Jason Zada
5656,Noah Baumbach
95818,Eric Blakeney
1032103,Rakesh Roshan
126910,Derrick Borte
228797,Richard Kwietniowski
59410,Bob Odenkirk
93047,Joshua Seftel
22461,Vincent Gallo
19069,Claude Chabrol
12219,Jon Stewart
37577,Bigas Luna
5469,Ralph Fiennes
11013,Dan Harris
141450,Mel Smith
95024,Bobcat Goldthwait
65317,Jake Scott
69801,Alan Metter
1432207,Rafa Lara
55948,Alan Smithee
133259,Arthur Hiller
17845,Michael Meredith
129716,Julio DePietro
89395,Katherine Dieckmann
219961,Kim Farrant
69144,Scott Marshall Smith
57865,Álex de la Iglesia
81328,Andrew Traucki
4910,Michael Clancy
31120,Robert Adetuyi
22140,Kari Skogland
1291685,Taedong Park
1395853,Mauricio De la Orta
42092,Benedikt Erlingsson
25527,Jason Connery
87121,Vic Sarin
1434341,Jim Issa
107630,William Phillips
1271,Andy García
232858,Sarik Andreasyan
63052,Julian Gilbey
33094,Gary Sherman
1040955,Valeri Milev
4081,Stanley Kramer
309,Pedro Almodóvar
70616,Gerald Potterton
119819,Anurag Basu
110427,Kriv Stenders
35770,Yash Chopra
98521,Floria Sigismondi
72197,Ferzan Ozpetek
65627,Kris Isacsson
24294,Ben Younger
74063,Daniel Taplitz
54240,Tamara Jenkins
1214860,Linda Mendoza
7678,Hart Bochner
59023,Stewart Raffill
1296119,Na Hong-jin
565524,Chatrichalerm Yukol
4955,Dario Argento
121588,Eric Lavaine
59923,Marc Forby
56195,Ole Christian Madsen
1045480,Meiert Avis
96627,André Téchiné
47201,Emily Young
58453,Peter Faiman
145169,Martyn Pick
33036,Roland Suso Richter
75544,Jeremy Sims
64210,Maïwenn
74569,Joby Harold
49605,Ekachai Uekrongtham
21958,Mark Rydell
109692,David E. Talbert
53767,Roger Vadim
22558,Nils Gaup
991868,Ari Sandel
6198,Vondie Curtis-Hall
51795,Tom Elkins
85006,Kang Woo-Suk
102445,John Sayles
88142,Vipul Amrutlal Shah
15488,Ken Loach
87378,Ayan Mukherjee
9054,Mervyn LeRoy
70579,Serdar Akar
70580,Sadullah Şentürk
68457,James Frawley
57113,Dan Gilroy
16959,Jonathan Dayton
16960,Valerie Faris
127936,Chris Stokes
14773,Don Siegel
78029,Martin Lawrence
67316,Masayuki Ochiai
1211000,Tom Gormican
99339,Ken Shapiro
1354959,Justin Tipping
9868,Peter R. Hunt
109640,Doug Atchison
130128,Jonas Elmer
16378,Mary Harron
32868,Erik Canuel
54795,Troy Duffy
56539,Nicole Holofcener
230059,Matty Rich
144277,Fina Torres
1019303,Duke Johnson
4387,François Ozon
53068,Ryan Fleck
53069,Anna Boden
122449,Steve James
19244,Michael Winner
96676,Tomm Moore
96677,Nora Twomey
45117,John Carney
53212,David Jacobson
77076,Michael Corrente
1134201,Edward Hall
33054,Keith Gordon
64754,Andrew Currie
36422,Luke Wilson
71555,Andrew Wilson
73588,Marc Schölermann
115677,Coky Giedroyc
137064,Robert Moresco
4453,Thomas Vinterberg
101399,Claudia Llosa
93136,Charles Binamé
228311,Keith Parmer
17510,Ol Parker
1088096,James Nunn
7191,David Webb Peoples
101233,Michael Winnick
44916,Stanley Tong
585161,David Oelhoffen
32765,Tony Richardson
84113,Charles Robert Carner
229198,Russell Holt
18209,Claude Miller
107039,Sacha Bennett
77162,Rodrigo García
968998,Jeta Amata
35785,Siddharth Anand
20709,Vincent Paronnaud
20659,Marjane Satrapi
52961,Dennis Gansel
94918,Daniel Barber
102797,Robert Marcarelli
5917,Ernie Barbarash
9915,Guy Hamilton
16328,Adam Brooks
20412,Michael Anderson
52159,James D. Stern
92935,Don Kempf
66681,Matt Bettinelli-Olpin
1039527,Tyler Gillett
158835,Sharron Miller
58292,Aaron Schneider
120615,Tom Ford
70415,Tony Maylam
86164,Mitch Davis
40220,Kevin Brodie
83287,Lynne Ramsay
1387618,John Stephenson
550857,Tim Chambers
19333,Dick Richards
36187,Bob Gosse
88077,Alex Zamm
131521,Spencer Susser
72467,Thaddeus O'Sullivan
72205,Shari Springer Berman
72206,Robert Pulcini
270361,Aleksey German
96745,Stephen Milburn Anderson
20766,Richard E. Grant
141503,David Lam
1006810,Vladlen Barbe
1150877,Maksim Sveshnikov
107274,Richard Rich
27745,Robert C. Cooper
646785,Kim Nguyen
17183,Jackie Earle Haley
22677,Max Färberböck
76009,Arie Posin
77062,Damian Nieman
86482,Mark Tonderai
109978,Ian Fitzgibbon
942251,Rachel Perkins
82219,Luis Valdez
21278,Alan Alda
65420,Louis Morneau
4522,Caroline Link
1053020,Sterling Van Wagenen
933739,Zal Batmanglij
95972,Hans Petter Moland
34110,Oren Moverman
113907,Ian Sharp
4780,Wolfgang Becker
5045,Dan O'Bannon
9577,George Roy Hill
5834,Robert Stevenson
18868,Jerome Robbins
95458,Gary Hardwick
29962,King Vidor
2223,Fred Savage
62410,Sammo Hung
32813,Dominique Othenin-Girard
111085,Jean-Jacques Mantello
3191,Risa Bramon Garcia
51996,Brian Klugman
929917,Lee Sternthal
589159,Matt Piedmont
99496,Raymond De Felitta
65594,John Michael McDonagh
77911,Deb Hagan
84833,Zach Cregger
84834,Trevor Moore
5367,Zach Braff
18679,Mark Tarlov
17114,John Cameron Mitchell
80006,Jon Knautz
67910,David Atkins
59210,Patrick Stettner
7767,Sam Peckinpah
4782,Michael Crichton
24757,Sylvio Tabet
71339,Rick Bieber
16484,Joey Lauren Adams
4065,Fred Zinnemann
75882,S.R. Bindler
57125,Greg Marcks
124783,Perry Lang
114596,Jake Goldberger
228177,William Kaufman
152249,Jim O'Hanlon
17520,Cédric Klapisch
1280037,Kate Barker-Froyland
80630,Martin Koolhoven
122728,Charles Matthau
1102620,Christopher Bessette
57214,Prachya Pinkaew
20779,Gary Sinyor
131856,Ashish R. Mohan
54526,Paco Plaza
77441,Darren Grant
24045,Joseph Gordon-Levitt
554946,William Sachs
43993,Christophe Barratier
6980,Émile Gaudreault
40508,James Cox
56381,James Toback
16767,Aki Kaurismäki
71080,Hitoshi Matsumoto
53671,Rakeysh Omprakash Mehra
1288700,Collin Schiffli
46802,George Ratliff
70520,Shane Meadows
89824,Jon Wright
83415,Michael McGowan
11916,Liv Ullmann
85445,Rohan Sippy
568322,Dan Trachtenberg
1302082,David F. Sandberg
84962,Stiles White
239574,Eugenio Derbez
33064,Henry Koster
6884,Patty Jenkins
54248,Christopher B. Landon
928915,David Gelb
551463,Mike Flanagan
105648,Nat Faxon
161932,Jim Rash
67896,Doug McHenry
141824,George Jackson
1174031,George T. Miller
261271,Maurice Joyce
3087,Robert Duvall
113799,Frank Perry
130816,Jesse Peretz
9778,Ice Cube
82335,Richard Glatzer
82337,Wash Westmoreland
4109,Michael Curtiz
58040,Bruce Malmuth
64735,Rob Hedden
51918,Harmony Korine
55116,Joe Chappelle
48498,Mickey Liddell
62556,Fred Walton
102627,Steve Carver
77123,Gonzalo López-Gallego
74152,Christine Jeffs
58245,Don Coscarelli
1110102,Michael Tiddes
1103,Bill Duke
14855,Frank Borzage
81718,Mamoru Hosoda
81853,Shigeyasu Yamauchi
74259,Brian Dannelly
38516,Denys Arcand
52371,J.S. Cardone
71042,Jay Levey
60149,Nicholaus Goossen
83070,Scott Marshall
583893,Ronan Chapalain
583894,Pascal Vuong
72320,Xavier Beauvois
77121,Randall Miller
29705,Jerry Belson
133406,Dan Rush
84931,Michael Cuesta
16957,Fenton Bailey
16958,Randy Barbato
74655,Jeremy Saulnier
87191,Billy Kent
1343882,James Manera
120426,Feroz Abbas Khan
18533,Errol Morris
2778,Dennis Hopper
52479,Eli Craig
989831,Nicholas Fackler
95723,Richard Wallace
66800,Morgan J. Freeman
58912,Matthew Hastings
568267,Klaus Menzel
90591,Oren Peli
80384,Paul Andrew Williams
3905,William H. Macy
1365766,Barrett Esposito
1404799,Vicky Jewson
40385,Marcia Bennett
1393858,Stanton Barrett
11720,Jiří Menzel
5125,Fatih Akin
582918,Nick Murphy 
583023,Frank LaLoggia
35005,Jeremy Brock
35595,Scott Foley
123912,Christophe Ali
123913,Nicolas Bonilauri
84437,Gabriela Tagliavini
56474,Shona Auerbach
69168,Leonard Farlinger
225887,Michel Leclerc
1148217,Analeine Cal y Mayor
66983,Tom Kalin
67106,Robert Sarkies
6593,John Huston
80570,Walter Lang
96369,Carlos Saura
844266,Jon Erwin
909318,Andrew Erwin
545086,Beto Gómez
123150,Mike van Diem
71329,Jonas Åkerlund
66605,Todd Solondz
24481,René Féret
61571,Barry Skolnick
25236,Johnnie To
19841,Mateo Gil
11037,Lukas Moodysson
129715,Agnieszka Wojtowicz-Vosloo
1352997,Kabir Sadanand
118463,Peter DeLuise
87296,Raja Menon
134306,Kevin Sullivan
41530,Nick Love
114545,Ivan Engler
114546,Ralph Etter
8636,Cecil B. DeMille
1354171,Henry Hobson
6111,Mike Figgis
1149038,Duane Journey
3146,Billy Wilder
75699,Lisa Cholodenko
14520,John Sturges
55420,William Arntz
55421,Betsy Chasse
557179,Ed Gass-Donnelly
65134,DJ Pooh
73668,James Melkonian
8297,Roger Avary
3110,Allison Anders
3111,Alexandre Rockwell
1491995,Rick de Oliveira
60621,Jeff Franklin
17439,Mike Mills
87081,Dave McKean
68994,Ron Fricke
45572,Ruggero Deodato
119417,Gavin Wiesen
1004172,Mora Stephens
91389,Mars Callahan
27977,Leos Carax
94155,Stefan Schwartz
133183,Robert Lee King
940807,Jorge Ramírez Suárez
69099,Dan Ireland
15602,Fernando León de Aranoa
87082,Jim Mickle
55018,Karim Aïnouz
96172,Sam Levinson
1210747,Aleksandr Veledinskiy
129514,Peter H. Hunt
108072,Ruba Nadda
2917,James Whale
13348,Howard Hughes
34740,Edmund Goulding
12833,Edward Burns
136345,Sean Byrne
106491,Mark Griffiths
144528,Bruce MacDonald
9049,Victor Fleming
1030160,Richard Raymond
21506,George Sidney
117794,Chris Morris
237884,Andrucha Waddington
55587,Peter Stebbings
13980,Vincente Minnelli
18823,Dagur Kári
12936,Jim Abrahams
105860,Kevin Carraway
15056,Michael Gornick
3632,Richard Brooks
138781,Robert Eggers
258199,Michael Martin
60099,Gideon Raff
52849,Louis C.K.
85822,Anthony C. Ferrante
937439,Salvador Carrasco
135113,André Øvredal
119367,Robert Cary
585272,Adam Rapp
63852,Warren P. Sonoda
938649,Amanda Gusack
95550,Avi Nesher
996070,Charles Adelman
105643,Jay Oliva
74058,Charles Ferguson
87183,Mark Young
774,"Daniel Petrie, Jr."
1283831,Antonio Simoncini
18525,Luc Jacquet
18532,Jérôme Maison
933320,Eldar Rapaport
9048,Clark Gregg
136495,Damien Chazelle
8559,Kátia Lund
68281,Justin Kerrigan
131668,Nathan Frankowski
74638,Karen Moncrieff
55265,Jonathan Silverman
76095,Jennifer Finnigan
231521,Eric Styles
17386,Laurent Cantet
8500,John Ford
100516,Max Mayer
5872,Joshua Marston
62797,John Gulager
1081445,Brandon Cronenberg
2662,Frank Capra
20133,Tod Williams
18635,Ted Post
65428,Michael Haigney
65429,Kunihiko Yuyama
63550,Tom McLoughlin
64743,Adam Marcus
1062805,John Maclean
134129,Benny Boom
11435,Howard Hawks
30293,Arthur Rosson
1039544,Nnegest Likké
57436,Christopher Leitch
116832,Patricia Cardoso
65865,Damien O'Donnell
1058138,Peter M. Cohen
3451,Mel Stuart
48965,Anthony Hickox
2691,Tom Schulman
145134,Jill Sprecher
239418,Darren Stein
114614,David Nixon
114615,Patrick Doughtie
1480591,Enrique Begné
55117,Matthew Bright
60438,Michael Landon Jr.
71082,Andrea Arnold
78188,Whit Stillman
217587,Leslye Headland
111944,Bobby Roth
132856,Tim Heidecker
132857,Eric Wareheim
84769,Michael Worth
105363,Kate Connor
119419,Deon Taylor
1206,Jason Alexander
73289,Conor McPherson
223098,Will Canon
1271492,Philip Zlotorynski
109905,Lance Kawas
564082,Francesca Gregorini
564083,Tatiana von Furstenberg
228041,Márcio Garcia
130051,Craig Moss
64856,Michael Jai White
587519,Paolo Monico
930627,Youssef Delara
1158417,Victor Teran
57777,Darin Scott
130530,Christian Sesma
20921,Monte Hellman
566314,Brian Caunter
131060,Chris D'Arienzo
78108,Isaac Florentine
19003,Heidi Ewing
19006,Rachel Grady
71797,Alex Gibney
84369,Eugene Jarecki
84451,Leon Ford
117168,Hank Braxtan
64722,John Carl Buechler
85675,Rajkumar Hirani
138322,Victor Nunez
1312905,Rohit Jugraj
66879,Kresten Vestbjerg Andersen
66880,Thorbjørn Christoffersen
27875,Alex van Warmerdam
64194,Paweł Pawlikowski
111745,Frank Sebastiano
4319,Stacy Peralta
118303,Nacho Vigalondo
17295,Ning Hao
42712,Tony Giglio
13284,Stanley Donen
13294,Gene Kelly
567558,Joe Cross
567559,Kurt Engfehr
151460,John Sullivan
219861,Dinesh D'Souza
11777,Tommy Lee Wallace
9108,Don Taylor
559968,Leslie Small
130358,Éric Tessier
157879,Alison Maclean
84461,Alice Wu
93288,Sarah Gavron
930710,James Ponsoldt
74600,Joshua Tickell
133684,Tim Boxell
59975,Michael D. Sellers
123990,Reed Cowan
123991,Steven Greenstreet
61848,James Dodson
91252,Alex Rivera
110834,John Murlowski
1290942,Benni Diez
130858,Danny Perez
21415,Robby Henson
439236,Zackary Adler
230157,Dominic Burns
232216,Carmen Marron
1046127,Jason Stone
108217,Jerry Rees
5446,David Hand
5691,Samuel Armstrong
11427,William Roberts
11428,Paul Satterfield
11430,Jim Handley
11431,Ford Beebe
11432,T. Hee
11434,Wilfred Jackson
226599,Norman Ferguson
1734565,Jaco Booyens
58822,Danny Steinmann
94471,Jon Gunn
449832,Hayley Cloake
74878,Tay Garnett
1413504,Shyam Madiraju
107725,Harmage Singh Kalirai
1385666,Rita Merson
10001,William Wyler
51917,Larry Clark
49555,Petter Næss
1523137,Robert Fontaine
1560279,Neil Mcenery-West
1388653,Anthony O'Brien
78021,Lloyd Kaufman
78023,Michael Herz
558929,David Robert Mitchell
8482,Robert Mulligan
26775,Liu Chia-Liang
640,Chris Kentis
642,Laura Lau
78040,Alex Kendrick
14875,Robert Rossen
82413,Jack Conway
1232592,Chris Eyre
2746,Elia Kazan
121873,Debra Granik
37362,Henry King
16860,Miranda July
1257827,Max Joseph
4429,Jim Jarmusch
82579,Kevin Tenney
56198,Ari Folman
177532,Marielle Heller
86662,David Sington
56383,Kelly Reichardt
89467,Bob Giraldi
120246,Huck Botko
120247,Andrew Gurland
12640,David Duchovny
57055,Mitchell Lichtenstein
116653,Lance Mungia
223909,Hue Rhodes
1736589,Danny Provenzano
1062889,Bill Muir
114004,Noah Buschel
27992,Brian Yuzna
52856,Hunter Richards
96222,Laurie Collyer
1454563,Aaron Hann
1454564,Mario Miscione
82822,Phil Claydon
88970,Ralph Ziman
73112,John Simpson
1310518,Colin Minihan
1375066,Stuart Ortiz
78545,Conor McMahon
112289,Chris Shadley
1253596,Simon Napier-Bell
1070340,Simon Yin
86037,Jeff Crook
86038,Josh Crook
40,Orson Welles
30870,Dave Payne
68574,Brad Copeland
1031972,Paul Bunnell
17246,Phil Morrison
33542,Harald Reinl
1018660,Tanner Beard
1434686,Scott Dow
33349,Derick Martini
1378892,Jerry Dugan
15858,Tim Hunter
98103,Richard Ayoade
115892,Jehane Noujaim
1642,Jean-Marc Barr
66022,Pascal Arnold
1170143,Remo D'Souza
1108711,John Laing
121473,Jamal Hill
120245,Daniel Stamm
7348,Carlos Carrera
223516,Benh Zeitlin
18669,J. Lee Thompson
94831,Maggie Greenwald
21657,Vera Farmiga
588015,Vijay Chandar
196769,Jonathan Wacks
115309,Khyentse Norbu
41621,Tony Krantz
94917,Mitchell Altieri
1187609,W.D. Hogan
1018699,Corey Grant
51534,Lucky McKee
115585,Richard Boddington
88039,Steven R. Monroe
942084,Mark Illsley
1117026,Ritesh Batra
57206,Sally Potter
1156260,Brad J. Silverman
54827,Dave Meyers
155747,David M. Matthews
53431,Nadine Labaki
1346215,Lluís Quílez
160,Eytan Fox
231345,Romesh Sharma
1650,François Truffaut
6163,Adam Goldberg
22239,Travis Zariwny
66496,Adrienne Shelly
70250,Newt Arnold
31493,Alex Cox
74907,Fabián Bielinsky
1085923,Dror Moreh
41670,Rebecca Miller
1088647,Maggie Carey
30458,Henry Bean
1501366,Simeon Rice
60074,Jeff Garlin
550858,Qasim Basir
70890,Adam Green
13848,Charlie Chaplin
285452,Pete Jones
11357,Bruce Campbell
76245,Adam Carolla
76248,Kevin Hench
55189,Bruce McDonald
105313,James Mottern
1288796,Gerard Johnstone
51521,Robert Greenwald
1375378,David Ray
991853,David Rodriguez
55520,Nae Caranfil
52044,David Winning
1002001,Frank Lotito
1169157,Timothy Woodward Jr.
61111,Tara Subkoff
70076,Russell Friedenberg
56208,Lucrecia Martel
64114,Edward Dmytryk
11011,Zak Penn
474199,Alex Ranarivelo
80013,Trevor Matthews
8789,Mathieu Amalric
22012,David Worth
27728,Leslie H. Martinson
86293,Robert M. Young
884,Steve Buscemi
143430,Ham Tran
39822,Rich Cowan
1024216,Boris Rodriguez
1372345,Sadyk Sher-Niyaz
144430,Paul Donovan
1109245,Digby Cook
557818,Jonathan Kesselman
631226,Arjun Sablok
971918,Tyler Oliver
90525,Douglas Cheek
133790,Michael D. Olmos
932013,Deryck Broom
37360,Henry Hathaway
1504620,Giovanni Zelko
1200528,Claudia Sainte-Luce
59466,Jamie Babbit
55441,David Boyd
550280,Anna Muylaert
440517,Steve Taylor
233519,James David Pasternak
128712,Laurent Bouhnik
1499089,Tom Sanchez
108497,David Caffrey
66514,Adam Jay Epstein
66517,Andrew Jacobson
1041549,Justin Thomas Ostensen
15531,Ossie Davis
204325,Jay Alaimo
479587,Dylan Bank
52941,Rob McKittrick
31621,Jeff Burr
97579,Guy Maddin
93916,Regardt van den Bergh
1044250,Panos Cosmatos
142013,Gareth Evans
24528,Matthew R. Anderson
92490,Edward Conna
1184745,Joe Marino
97591,Joel Anderson
76447,Shimit Amin
12112,Douglas Trumbull
1280031,Mona Lerche
86688,Levan Gabriadze
999812,Bradley Parker
31211,Clive Barker
937340,Harold Cronk
50651,Takao Okawara
7426,Duncan Tucker
4590,Russ Meyer
89216,Robert D. Webb
93905,Allan Dwan
1521130,Andrew Steggall
168330,Ben Lewin
95687,Robert Kenner
930212,Jon Erwin 
303056,Craig Johnson
527607,Sean Durkin
1284099,Gillian Robespierre
64131,Courtney Hunt
228643,Morgan Neville
74589,Chris Paine
88967,Greg Berlanti
82286,Marc Levin
114925,Richard Dutcher
224751,Khalid Mohammed
1193602,Gia Coppola
91602,Scandar Copti
91603,Yaron Shani
74272,Goran Dukic
45459,Mike Cahill
88832,Kyle Rankin
998842,Efram Potelle
53296,Joshua Oppenheimer
1349420,Christine Cynn
1710652,Anonymous
4339,Paul Crowder
150347,John Dower
1867383,Rohit Jagessar
1182832,Anthony Powell
129921,Kief Davidson
240740,Daniel Junge
1023720,Johnny Remo
126763,Vivek Agnihotri
101542,Ti West
550681,Nick Tomnay
137392,Nickolas Perry
158480,Dan Zukovic
939176,Becky Smith
103031,Eric Nicholas
101810,Benjamin Dickinson
75919,Hal Haberman
75920,Jeremy Passmore
11805,Frank Whaley
56375,Amat Escalante
84515,Katherine Brooks
212,David Cross
92834,Randall Rubin
92837,Jon Schroder
194915,Robert Bennett
568822,Mary Pat Kelly
15309,Lori Petty
1467662,Charlie Levi
115627,Kevin Hamedani
97618,David DeCoteau
1012105,Mikel Rueda
227945,Stefan C. Schaefer
87360,Michael Taliferro
221944,Katie Aselton
145045,Robert Heath
146026,D. Stevens
1196522,Jeffrey St. Jules
82101,Robert Hall
1188585,Kevin King
985146,Jonathan Meyers
16888,Ralph Nelson
1191051,Blair Erickson
54781,Allison Burnett
76462,Richard Schenkman
1341629,Sanjay Rawal
939123,Kat Coiro
20657,Cristian Mungiu
146275,Joseph Graham
1208166,Brian Dorton
1223224,Lee Matthews
1577521,Manuel Marín
549971,Maryam Keshavarz
1085904,Ramaa Mosley
150003,Graham Heid
160942,Norman Wright
69737,C. Jay Cox
1124971,Mariette Monpierre
1150712,Tommy Oliver
930629,Jamie Travis
122842,Rich Christiano
1517664,Natalie Bible'
229931,Asghar Farhadi
222098,Justin Molotnikov
13899,G.W. Pabst
1018728,Jorge Gaggero
42952,Michael Burke
210562,Catherine Jelski
168349,Shane Dawson
63477,Ryan Little
554900,Clark Baker
74339,Dave Willis
74341,Matt Maiellaro
137467,Ben Wheatley
74436,Olly Blackburn
113682,Christopher Hutson
23590,David LaChapelle
544748,Caryn Waechter
1058257,Emily Dell
131455,Valerie Red-Horse
1384771,Jennifer Wynne Farmer
93133,Christopher Scott Cherot
688807,H.M. Coakley
1140160,Randy Moore
1122434,Chris Atkins
948217,Bill Benenson
1100753,Ryan Smith
1110059,Travis Romero
62773,Anna Mastro
30165,Mark Sandrich
26849,Daniel Myrick
26850,Eduardo Sánchez
57885,Michael Wadleigh
1164825,Gene Teigland
43439,Scott Ziehl
57414,Richard Montoya
1424432,Johanna Schwartz
231431,Thomas Lilti
185995,Michael Walker
232190,U. Roberto Romano
21371,Amy Holden Jones
1380244,Blaž Završnik
7324,Pan Nalin
94787,Joe Camp
59841,Matt Walsh
97966,John 'Bud' Cardos
229374,Marilyn Agrelo
125637,Brian Baugh
116330,Patrick Creadon
57328,Barry W. Blaustein
288712,Kurt Hale
77273,Siddiq Barmak
656971,Joseph Dorman
17042,Greg Harrison
72034,Jacob Aaron Estes
68185,Eric Schaeffer
105882,Neema Barnette
40863,Joe Swanberg
1115066,Molly Bernstein
930701,Marius Markevicius
6400,Tom DiCillo
133398,Quentin Dupieux
641437,Alex Smith
1027145,Andrew J. Smith
129894,Gareth Edwards
132812,Jonathan Parker
93022,Sol Tryon
92287,Alex Craig Mann
107168,Stephen Kijak
139537,William Gazecki
98541,Michael Hoffman Jr.
1066308,Aaron T. Wells
1184351,Georgia Hilton
155945,Jack Heller
1070682,Fernando Baez Mella
1571422,Warren Sheppard
1519326,Justin Paul Miller
88506,Joel Paul Reisig
1161761,Catherine Gund
78481,Hans Canosa
1291408,Matthew Watts
21305,Lloyd Bacon
6284,Kay Pollak
582527,Eric England
10707,Terry Jones
1116801,Sue Corcoran
17108,Jonathan Caouette
1425142,Matt Jackson
29433,Lucio Fulci
82641,Paul Fox
545261,Cassandra Nicolaou
6648,Ingmar Bergman
100036,D.W. Griffith
63983,Roger Nygard
145605,Harry Beaumont
64211,Franck Khalfoun
1414864,Mor Loushy
82839,Henry Alex Rubin
82840,Dana Adam Shapiro
72543,Sam Firstenberg
586066,Doug Block
1557430,Chad Kapper
146883,Paul Fierlinger
146884,Sandra Fierlinger
122423,Yorgos Lanthimos
1110343,Lauren Lazin
28902,Gregory Widen
58547,Niall Johnson
115226,Eric Mendelsohn
3776,Jean-Luc Godard
1046935,Kim Longinotto
1139506,Florence Ayisi
1043404,Michael Roemer
112632,Eddie O'Flaherty
125044,Babar Ahmed
79726,John D. Hancock
101377,Paul Bartel
61983,Jason Marsden
1301700,Bruce Dellis
1708905,Pece Dingo
1424519,Jerome Elston Scott
1555903,Étienne Faure
22423,Herb Freed
65242,Jack Perez
79434,Craig Zobel
86035,Maria Maggenti
109026,Piyush Dinker Pandya
142513,Emma-Kate Croghan
126125,Bill Plympton
132964,Drake Doremus
21404,Kurt Voss
86262,Michael Kang
930628,Lori Silverbush
1194681,Michael Skolnik
105239,Stuart Hazeldine
85925,Hilary Brougher
110876,Rachel Goldenberg
21246,Corbin Bernsen
92743,Jamin Winans
582841,Tom Seidman 
140086,Matt Cimber
1331465,Andrew Hyatt
1460398,Kristin Rizzo
1155992,Zoran Lisinac
1562428,James O'Brien
1111709,Tom Putnam
1111710,Brenna Sanchez
193390,Jon Matthews
558559,Al Silliman Jr.
11558,Eugène Lourié
116186,Lowell Sherman
557883,David Evans 
1201090,Sherman Alexie
1553042,Justin Dillon
151017,Stevan Mena
1686666,Livingston Oden
1686667,Taylor Scott Olson
9956,Chris Marker
11572,Carl Theodor Dreyer
77775,Marianna Palka
74105,Ricki Stern
74106,Anne Sundberg
15672,Nadia Tass
1187357,James Kerwin
1514634,Darren Press
1514635,C. Fraser Press
1330498,Rania Attieh
1330499,Daniel Garcia
1375627,Sharon Greytak
110695,Majid Majidi
586002,Andrew Haigh
1288774,Cary Bell
1476699,Nicolae Constantin Tanase
135650,Melvin Van Peebles
1677569,Ken Roht
101515,Robinson Devor
107447,Michel O. Scott
88323,Pat Holden
1562421,Eric Bugbee
94011,Bill Melendez
1456123,Dena Seidel
1162816,Deborah Anderson
1448550,Sara Newens
1448551,Mina T. Son
1343876,Sai Varadan
90492,Lynn Shelton
5892,David Hewlett
77277,Nate Parker
1314011,Nathan Smith Jones
1401541,Travis Cluff
1401542,Chris Lofing
68750,Robert Townsend
932993,Jamaa Fanaka
88837,Larry Blamire
99240,Stephen Langford
84697,E.L. Katz
1044256,Lisanne Pajot
1044257,James Swirsky
74626,Dan Reed
114396,John Reinhardt
1321304,Patrick Ryan Sims
89981,László Benedek
1645102,Jason Miller
1184450,Sut Jhally
87033,Julie Davis
162102,Myles Berkowitz
98094,Brett Piper
64227,Brandon Trost
1009253,Jason Trost
110726,Joseph Green
1366270,Wade Gasque
90575,Daniel Schechter
1144092,Matt Johnson
69719,Bruno Barreto
139135,Lena Dunham
1434676,Terron R. Parsons
1289580,Daniel Mellitz
74971,Jem Cohen
229182,Andrew Leman
1168852,Dave Carroll
125324,William Eubank
220274,Patrick Meaney
1031144,Chad Hartigan
57997,Malcolm Goodwin
85242,Kevin Jordan
1429671,Kirk Loudon
1263110,Travis Legge
1360439,Collin Joseph Neal
131388,Bradley Rust Gray
558540,Mike Bruce
40864,Andrew Bujalski
1263945,Damir Catic
237393,James Bidgood
151092,Eric Eason
1532382,Joseph Mazzella
29922,Marcus Nispel
1360240,Jim Chuchu
131870,Daryl Wein
1009255,Jason Trost
120229,Jafar Panahi
1310498,Ivan Kavanagh
26882,Kiyoshi Kurosawa
1398500,Tadeo Garcia
1171387,Thomas L. Phillips
77465,Ash Baron-Cohen
76624,Shane Carruth
1174437,Neill Dela Llana
1174438,Ian Gamazon
1219158,Scott Smith
208138,Daniel Hsia
85563,Brian Herzlinger
997560,Brett Winn
